qrtz_blob_triggers,BLOB_DATA
qrtz_blob_triggers,SCHED_NAME
qrtz_blob_triggers,TRIGGER_GROUP
qrtz_blob_triggers,TRIGGER_NAME
qrtz_calendars,CALENDAR
qrtz_calendars,CALENDAR_NAME
qrtz_calendars,SCHED_NAME
qrtz_cron_triggers,CRON_EXPRESSION
qrtz_cron_triggers,SCHED_NAME
qrtz_cron_triggers,TIME_ZONE_ID
qrtz_cron_triggers,TRIGGER_GROUP
qrtz_cron_triggers,TRIGGER_NAME
qrtz_fired_triggers,ENTRY_ID
qrtz_fired_triggers,FIRED_TIME
qrtz_fired_triggers,INSTANCE_NAME
qrtz_fired_triggers,IS_NONCONCURRENT
qrtz_fired_triggers,JOB_GROUP
qrtz_fired_triggers,JOB_NAME
qrtz_fired_triggers,PRIORITY
qrtz_fired_triggers,REQUESTS_RECOVERY
qrtz_fired_triggers,SCHED_NAME
qrtz_fired_triggers,SCHED_TIME
qrtz_fired_triggers,STATE
qrtz_fired_triggers,TRIGGER_GROUP
qrtz_fired_triggers,TRIGGER_NAME
qrtz_job_details,DESCRIPTION
qrtz_job_details,IS_DURABLE
qrtz_job_details,IS_NONCONCURRENT
qrtz_job_details,IS_UPDATE_DATA
qrtz_job_details,JOB_CLASS_NAME
qrtz_job_details,JOB_DATA
qrtz_job_details,JOB_GROUP
qrtz_job_details,JOB_NAME
qrtz_job_details,REQUESTS_RECOVERY
qrtz_job_details,SCHED_NAME
qrtz_locks,LOCK_NAME
qrtz_locks,SCHED_NAME
qrtz_paused_trigger_grps,SCHED_NAME
qrtz_paused_trigger_grps,TRIGGER_GROUP
qrtz_scheduler_state,CHECKIN_INTERVAL
qrtz_scheduler_state,INSTANCE_NAME
qrtz_scheduler_state,LAST_CHECKIN_TIME
qrtz_scheduler_state,SCHED_NAME
qrtz_simple_triggers,REPEAT_COUNT
qrtz_simple_triggers,REPEAT_INTERVAL
qrtz_simple_triggers,SCHED_NAME
qrtz_simple_triggers,TIMES_TRIGGERED
qrtz_simple_triggers,TRIGGER_GROUP
qrtz_simple_triggers,TRIGGER_NAME
qrtz_simprop_triggers,BOOL_PROP_1
qrtz_simprop_triggers,BOOL_PROP_2
qrtz_simprop_triggers,DEC_PROP_1
qrtz_simprop_triggers,DEC_PROP_2
qrtz_simprop_triggers,INT_PROP_1
qrtz_simprop_triggers,INT_PROP_2
qrtz_simprop_triggers,LONG_PROP_1
qrtz_simprop_triggers,LONG_PROP_2
qrtz_simprop_triggers,SCHED_NAME
qrtz_simprop_triggers,STR_PROP_1
qrtz_simprop_triggers,STR_PROP_2
qrtz_simprop_triggers,STR_PROP_3
qrtz_simprop_triggers,TRIGGER_GROUP
qrtz_simprop_triggers,TRIGGER_NAME
qrtz_triggers,CALENDAR_NAME
qrtz_triggers,DESCRIPTION
qrtz_triggers,END_TIME
qrtz_triggers,JOB_DATA
qrtz_triggers,JOB_GROUP
qrtz_triggers,MISFIRE_INSTR
qrtz_triggers,NEXT_FIRE_TIME
qrtz_triggers,PREV_FIRE_TIME
qrtz_triggers,PRIORITY
qrtz_triggers,SCHED_NAME
qrtz_triggers,START_TIME
qrtz_triggers,TRIGGER_GROUP
qrtz_triggers,TRIGGER_STATE
qrtz_triggers,TRIGGER_TYPE